Livro;preco;preco_desconto;parcelas;valor_parcela
 A garota do lago;39,90;8,40;1;8,40
 BOX HARRY POTTER EDIÇÃO COMEMORATIVA 20 ANOS - CAPA DURA;499,90;237,41;12;20,83
 Box Trilogia O Senhor dos Anéis;199,90;98,00;6;16,33
 As crônicas de Nárnia - volume único;99,90;29,90;1;29,90
 O pequeno príncipe;21,90;10,70;1;10,70
 Box Sherlock Holmes;139,90;79,90;5;15,98
 Harry potter e a pedra filosofal;38,90;17,90;1;17,90
 Corte de chamas prateadas (Vol. 4 Corte de espinhos e rosas) – Edição de colecionador;69,90;48,90;3;16,30
 Corte de espinhos e rosas (Vol. 1);54,90;38,40;2;19,20
 Box O castelo animado;139,90;93,01;6;16,32
 O Hobbit + Pôster;59,90;31,90;2;15,95
 Harry Potter e o prisioneiro de Azkaban;49,90;27,90;1;27,90
 A rainha vermelha;42,90;30,42;1;30,42
 Coleção Agatha Christie - Box 1;109,90;54,90;3;18,30
 O príncipe cruel (Vol. 1 O Povo do Ar);54,90;38,40;2;19,20
 Corte de asas e ruína (Vol. 3 Corte de espinhos e rosas);74,90;47,61;1;47,61
 Harry Potter e a câmara secreta;39,90;24,90;1;24,90
 Corte de névoa e fúria (Vol. 2 Corte de espinhos e rosas);74,90;52,40;3;17,47
 Harry Potter e a câmara secreta;39,90;24,90;1;24,90
 Harry Potter e o cálice de fogo;69,90;37,90;2;18,95
 Corte de Gelo e Estrelas;44,90;31,40;2;15,70
 O guia definitivo do mochileiro das galáxias;99,90;45,90;3;15,30
 Cidade da Lua Crescente: Casa de terra e sangue (Vol. 1) - Edição Revista;79,90;55,90;3;18,63
 Trono de Vidro: Coroa da meia-noite (Vol. 2);54,90;38,40;2;19,20
 Trono de vidro (Vol. 1);54,90;39,40;2;19,70
 O diário perdido de Gravity falls;59,90;53,91;1;53,91
 Fahrenheit 451;49,90;22,90;1;22,90
 O rei perverso (Vol. 2 O Povo do Ar);54,90;38,40;2;19,20
 A rainha do nada (Vol. 3 O Povo do Ar);54,90;38,40;2;19,20
 Harry Potter e o enigma do príncipe;64,90;30,90;2;15,45
 Harry Potter e a pedra filosofal - Edição ilustrada;129,90;64,00;4;16,00
 Harry potter e a câmara secreta;39,90;22,90;1;22,90
 Harry Potter e as relíquias da morte;69,90;35,90;2;17,95
 Box Trilogia Princesa das Cinzas;129,90;92,53;6;16,23
 Box A Saga dos Corvos – acompanha marcadores e conto inédito;169,90;112,96;7;16,99
 Harry Potter e o cálice de fogo - EDIÇÃO ILUSTRADA;189,90;93,86;6;16,47
 Coleção Harry Potter - 7 volumes;159,99;148,79;1;148,79
 Harry potter e o prisioneiro de Azkaban;49,90;23,90;1;23,90
 Harry Potter e a ordem da fênix;69,90;43,40;2;21,70
 Os Testamentos;54,90;23,90;1;23,90
 Da Terra à Lua;19,90;7,80;1;7,80
 A guerra dos tronos;82,90;58,86;2;32,70
 Arsène Lupin, o ladrão de casaca;29,90;12,65;1;12,65
 O diário perdido de Gravity falls;52,95;52,95;1;52,95
 Trono destruído;47,90;34,02;1;34,02
 O pequeno príncipe - Bolso;11,90;8,50;1;8,50
 Tempestade de guerra;47,90;34,02;1;34,02
 A paciente silenciosa;29,90;26,91;1;26,91
 Coleção Agatha Christie - Box 5;109,90;52,90;3;17,63
 O Silmarillion;69,90;37,80;2;18,90
 Harry potter e o cálice de fogo;59,90;28,90;1;28,90
 A prometida;39,90;24,90;1;24,90
 O Labirinto Do Fauno;59,90;30,90;2;15,45
 Harry Potter e o prisioneiro de Azkaban - Ilustrado;139,90;74,80;4;18,70
 Como o Rei de Elfhame aprendeu a odiar histórias;69,90;44,90;2;22,45
 George Orwell: 1984 + A revolução dos bichos;49,90;29,00;1;29,00
 Assassinato no Expresso do Oriente;44,90;25,30;1;25,30
 Harry Potter e a câmara secreta - Ilustrado;129,90;64,80;4;16,20
 Fogo & Sangue – Volume 1;72,90;51,75;1;51,75
 A vida invisível de Addie LaRue;59,90;43,00;2;21,50
 O último desejo - The Witcher - A saga do bruxo Geralt de Rívia;49,90;29,90;1;29,90
 A Realidade de Madhu;39,90;25,90;1;25,90
 Um mistério no Caribe;44,90;26,50;1;26,50
 Gravity Falls - Lendas Perdidas;39,90;35,91;1;35,91
 Animais fantásticos e onde habitam: o roteiro original;69,90;31,90;2;15,95
 Box Biblioteca Hogwarts;159,90;93,59;6;16,42
 Admirável mundo novo;49,90;20,80;1;20,80
 HARRY POTTER E A PEDRA FILOSOFAL (CAPA DURA) – Edição Comemorativa dos 20 anos da Coleção Harry Potter;29,94;25,45;1;25,45
 Procure nas cinzas;59,90;39,63;1;39,63
 Coleção Agatha Christie - Box 4;109,90;54,90;3;18,30
 Arsène Lupin contra Herlock Sholmes;29,90;12,00;1;12,00
 A traição;39,90;31,00;2;15,50
 Coleção Agatha Christie - Box 7;109,90;54,69;3;18,23
 BOX HARRY POTTER TRADICIONAL;180,81;162,73;2;90,41
 Sombra e Ossos;49,00;28,62;1;28,62
 Trono de Vidro: Herdeira do fogo (Vol. 3);64,90;41,31;1;41,31
 Breakable (Vol. 2 Contornos do coração);54,90;4,50;1;4,50
 Vinte mil léguas submarinas;29,90;9,95;1;9,95
 H.P. Lovecraft - Medo Clássico - Vol. 1 - Cosmic Edition;64,90;48,70;3;16,23
 Coleção Agatha Christie - Box 2;109,90;64,90;4;16,23
 Duna;89,90;43,11;1;43,11
 Princesa das cinzas (Princesa das cinzas – Livro 1);49,90;28,90;1;28,90
 Trono de Vidro: Reino de Cinzas (Vol. 6);94,90;66,40;4;16,60
 Em Algum Lugar nas Estrelas;60,00;48,60;1;48,60
 Trono de Vidro: Império de Tempestades (Vol. 5);79,90;55,90;3;18,63
 Enola Holmes: O caso do marquês desaparecido;39,90;27,90;1;27,90
 Billy Summers;69,90;69,90;1;69,90
 A rainha do fogo;69,90;37,90;2;18,95
 Convite para um homicídio;44,90;31,40;2;15,70
 Coleção Agatha Christie - Box 3;109,90;54,90;3;18,30
 League of Legends: Reinos de Runeterra;79,90;41,90;2;20,95
 HARRY POTTER E O CÁLICE DE FOGO (CAPA DURA) – Edição Comemorativa dos 20 anos da Coleção Harry Potter;79,90;39,90;2;19,95
 Princesas;115,00;83,69;2;45,00
 A Convenção Das Aves;79,90;39,90;2;19,95
 Matadouro-Cinco;59,90;29,90;1;29,90
 Os contos de Beedle, o bardo;44,90;22,30;1;22,30
 Viagem ao centro da Terra;29,90;9,95;1;9,95
 As brumas de Avalon;129,90;60,90;4;15,23
 O Senhor dos Anéis: A Sociedade do Anel;69,90;35,80;2;17,90
 Os pergaminhos vermelhos da magia (Vol. 1 As Maldições Ancestrais);49,90;29,90;1;29,90
 Coleção Agatha Christie - Box 6;109,90;54,90;3;18,30
 Meu castelo de princesas;119,00;62,90;4;15,73
 As irmãs esquisitas;24,90;22,41;1;22,41
 Cidade dos ossos (Vol. 1 Os Instrumentos Mortais);54,90;28,60;1;28,60
 Harry Potter e a pedra filosofal;29,99;26,99;1;26,99
 Frozen Febre Congelante;45,00;29,90;1;29,90
 O VAMPIRO LESTAT (CAPA DURA);79,90;56,90;3;18,97
 Doutora Brinquedos;26,90;26,90;1;26,90
 Misery;54,90;38,40;2;19,20
 Star Wars: Manual do império;99,90;32,89;2;16,45
 Bom dia, Verônica;59,90;39,80;2;19,90
 HARRY POTTER E A ORDEM DA FÊNIX (CAPA DURA) – Edição Comemorativa dos 20 anos da Coleção Harry Potter;94,90;52,90;3;17,63
 Pássaro e serpente (Vol. 1);49,90;34,90;1;34,90
 A lâmina da assassina;59,90;39,90;2;19,95
 Os crimes ABC;44,90;27,50;1;27,50
 Os filhos de Húrin;46,12;41,51;1;41,51
 Easy (Vol. 1 Contornos do coração);54,90;9,40;1;9,40
 O terceiro gêmeo;54,90;54,90;1;54,90
 AURORA ASCENDE;59,90;39,90;2;19,95
 Uma janela em Copacabana;57,90;46,32;1;46,32
 Dragões de Éter;49,00;23,90;1;23,90
 HARRY POTTER E A CÂMARA SECRETA (CAPA DURA) – Edição Comemorativa dos 20 anos da Coleção Harry Potter;59,90;33,00;2;16,50
 Deuses americanos;64,90;29,90;1;29,90
 Harry potter e o enigma do príncipe;54,90;32,80;2;16,40
 A fúria dos reis;82,90;59,90;3;19,97
 Star Wars: O Código do Caçador de Recompensa;69,90;30,90;2;15,45
 A sereia;39,90;24,60;1;24,60
 A batalha do apocalipse;64,90;32,90;2;16,45
 O temor do sábio (A Crônica do Matador do Rei – Livro 2);69,90;65,01;2;34,95
 Mapa dos dias;79,90;37,90;2;18,95
 A espada do destino - The Witcher - A saga do bruxo Geralt de Rívia;49,90;34,90;2;17,45
 Rainha das chamas (Princesa das cinzas – Livro 3);49,90;36,30;2;18,15
 A queda de Gondolin;59,90;32,90;2;16,45
 Contos da Academia dos Caçadores de Sombras;69,90;38,90;2;19,45
 Box o reino secreto - Série II;74,90;35,90;2;17,95
 Cidade dos etéreos;59,90;51,22;1;51,22
 Coleção Agatha Christie - Box 8;109,90;64,00;4;16,00
 A casa da floresta;79,90;45,90;3;15,30
 HARRY POTTER E AS RELÍQUIAS DA MORTE (CAPA DURA) – Edição Comemorativa dos 20 anos da Coleção Harry Potter –;84,90;45,90;3;15,30
 Dance of Thieves;64,90;46,80;3;15,60
 Rastro de Sangue: O Grande Houdini;64,90;44,90;2;22,45
 Dragões de Éter;59,00;24,90;1;24,90
 Box Alice No País Das Maravilhas E Alice Através Do Espelho + Alice Para Colorir;79,90;31,41;1;31,41
 Trono de vidro: Rainha das sombras (Vol. 4);64,90;39,90;2;19,95
 Destruidor de mundos;49,90;39,90;2;19,95
 Fahrenheit 451 - Edição especial;69,90;44,90;2;22,45
 Arsène Lupin;47,56;47,56;1;47,56
 Morte no Nilo;44,90;25,00;1;25,00
 O medo mais profundo (Myron Bolitar – Livro 7);39,90;12,40;1;12,40
 O Livro Mágico para Jovens Bruxas;54,90;41,20;2;20,60
 Relógio de estrelas;54,90;41,20;2;20,60
 As Desolações do Recanto do Demônio;79,90;79,90;1;79,90
 Ruína e ascensão;54,90;36,90;2;18,45
 As quatro rainhas mortas;49,90;32,70;2;16,35
 Mistborn Segunda Era - A liga da lei;49,90;26,90;1;26,90
 Universidade Monstros;49,00;44,10;1;44,10
 Frozen;69,00;35,91;1;35,91
 Meu castelo dos contos de fadas;119,00;69,90;4;17,48
 Star Wars: O arquivo rebelde;99,90;50,90;3;16,97
 Beren e Lúthien;59,90;38,90;2;19,45
 Star Wars: Livro dos Sith;99,90;55,80;3;18,60
 Box Peter Pan;34,94;31,45;1;31,45
 Princesinha Sofia;54,00;25,90;1;25,90
 Moana;79,90;62,91;2;34,95
 365 dias;44,90;29,90;1;29,90
 A Festa no Céu;34,31;34,31;1;34,31
 O Hobbit - Capa Smaug;44,90;27,60;1;27,60
 A viúva silenciosa;54,90;34,90;2;17,45
 A ascensão da magia (Crônicas da Escolhida – Livro 3);49,90;29,90;1;29,90
 O nome do vento – Edição luxo (A Crônica do Matador do Rei – Livro 1);89,90;67,30;4;16,83
 O vento pela fechadura;59,90;28,40;1;28,40
 As primeiras quinze vidas de Harry August;64,90;37,43;2;18,72
 Corrente de ouro (Vol 1. As últimas horas);64,90;45,40;3;15,13
 Piano Mecânico;69,90;29,90;1;29,90
 Jogador Número Dois;69,90;40,70;2;20,35
 Assassinato no Expresso Oriente;29,90;20,72;1;20,72
 A grande ilusão;35,01;31,51;1;31,51
 Quadribol através dos séculos;20,00;9,70;1;9,70
 Tempo do desprezo - The Witcher - A saga do bruxo Geralt de Rívia;49,90;33,90;2;16,95
 HARRY POTTER E O PRISIONEIRO DE AZKABAN (CAPA DURA) – Edição Comemorativa dos 20 anos da Coleção Harry Potter;69,90;38,90;2;19,45
 Harry potter e as relíquias da morte;38,94;33,10;1;33,10
 Box Jurassic Park;139,90;71,01;2;35,51
 Batismo de fogo - The Witcher - A saga do bruxo Geralt de Rívia;39,90;34,90;2;17,45
 Harry potter e a ordem da fênix;41,94;35,65;1;35,65
 Tempo do desprezo - The Witcher - A saga do bruxo Geralt de Rívia (capa dura);64,90;39,50;2;19,75
 O Silêncio da Cidade Branca;59,90;27,90;1;27,90
 As Crônicas das Sombras;64,90;46,90;3;15,63
 Contos Inacabados de Númenor e da Terra-média;69,90;44,20;2;22,10
 O cavalo amarelo;44,90;24,90;1;24,90
 A morte e a vida de Alan Turing;59,90;42,90;2;21,45
 Canção de ninar;34,90;34,90;1;34,90
 Cinderela está morta;37,91;34,12;1;34,12
 As crônicas de Nárnia - O leão, a feiticeira e o guarda-roupa;44,90;24,90;1;24,90
 O silêncio da chuva;59,90;39,90;2;19,95
 As crônicas de Nárnia - volume único;114,88;41,29;1;41,29
 Turma da Mônica - Uma Viagem do Brasil ao Japão;34,31;34,31;1;34,31
 Belas adormecidas;79,90;59,80;3;19,93
 Torre do alvorecer;74,90;52,40;3;17,47
 Venha o que vier;59,90;36,90;2;18,45
 Sol e tormenta;37,91;34,12;1;34,12
 O guia de mistério e diversão do Dipper e da Mabel!;79,90;51,90;1;51,90
 Uma chama entre as cinzas (Vol. 1);41,42;37,28;1;37,28
 Fantasmas do Mercado das Sombras;59,90;32,90;2;16,45
 Os elefantes nao esquecem;34,90;23,10;1;23,10
 Uma aposta irresistível;31,90;31,90;1;31,90
 Lendários;64,90;51,90;1;51,90
 Imitação mortal (Vol. 17);59,90;14,90;1;14,90
 Três coroas negras (Livro 1);39,90;26,91;1;26,91
 A maldição do mar;44,90;31,90;2;15,95
 Tempo de Tempestade - The Witcher - A Saga do Bruxo Geralt de Rivia - Prelúdio (Capa game);49,90;34,90;2;17,45
 Crime e castigo;11,71;10,54;1;10,54
 A vida secreta dos escritores;64,90;42,90;1;42,90
 Príncipe mecânico (Vol. 2 As Peças Infernais);59,90;36,90;2;18,45
 Árvore dos Desejos;54,90;24,90;1;24,90
 O universo de Harry Potter de A a Z;19,90;13,70;1;13,70
 Guerra do Velho;64,90;29,90;1;29,90
A Dança dos Dragões ;35,00;31,50;1;31,50
 A garota que bebeu a lua;54,90;29,90;1;29,90
 O último desejo - The Witcher - A saga do bruxo Geralt de Rívia (capa dura);64,90;45,40;3;15,13
 Um tom mais escuro de magia (Vol. 1 Os tons de magia);59,90;32,90;2;16,45
 O segredo do colecionador;43,90;39,51;1;39,51
 Ilíada;28,90;28,90;1;28,90
 A mansão hollow;34,90;25,10;1;25,10
 Gente Ansiosa;64,90;45,56;1;45,56
 HARRY POTTER E O ENIGMA DO PRÍNCIPE (CAPA DURA) – Edição Comemorativa dos 20 anos da Coleção Harry Potter –;74,90;41,90;2;20,95
 O Corvo;49,90;29,30;1;29,30
 H.P. Lovecraft - Medo Clássico - Vol. 1 - Miskatonic Edition;64,90;43,90;2;21,95
 M ou N?;44,90;44,90;1;44,90
 Procure nas cinzas;59,90;41,51;1;41,51
 Kindred: laços de sangue;54,90;27,90;1;27,90
 Star Wars : Kenobi;79,90;74,31;2;39,95
 O guia da Star e do Marco para zerar todas as dimensões;49,90;44,91;1;44,91
 Um encontro de sombras (Vol. 2 Tons de magia);59,90;39,90;2;19,95
 Neuromancer;54,90;32,90;2;16,45
 Vingança (Vol. 2 Vilões);59,90;42,90;2;21,45
 Filhos do Éden: Paraíso Perdido (Vol. 3);64,90;45,90;1;45,90
 QUADRIBOL ATRAVÉS DOS SÉCULOS ( CAPA DURA – ILUSTRADO);149,90;80,80;5;16,16
 Cretino irresistível;19,90;17,91;1;17,91
 O bater de suas asas;54,90;34,90;2;17,45
 Paixão (Vol. 3 Fallen);54,90;29,90;1;29,90
 Harry Potter - Guia cinematográfico;24,90;13,90;1;13,90
 Nevermoor;54,90;24,90;1;24,90
 Boneco de neve;59,90;31,60;2;15,80
 Cabala e a arte de manutenção da carroça;24,90;13,00;1;13,00
 Leopardo Negro, Lobo Vermelho;99,90;59,90;3;19,97
 Good Omens: Belas Maldições;44,90;24,90;1;24,90
 O Pequeno Príncipe;9,61;8,65;1;8,65
 Lembra aquela vez;39,50;21,90;1;21,90
 Sandman - A história de Sanderson Soneca;34,50;16,90;1;16,90
 A Garota que Lia as Estrelas;29,90;29,90;1;29,90
 Diários do vampiro: O despertar (Vol. 1);44,90;24,90;1;24,90
 Uma dobra no tempo;29,90;20,90;1;20,90
 As Crônicas Marcianas;49,90;35,93;1;35,93
 A mãe da mãe de sua mãe e suas filhas;34,70;34,70;1;34,70
 Dama da meia-noite (Vol. 1 Os Artifícios das Trevas);69,90;39,90;2;19,95
 2083;48,00;44,64;1;44,64
 Box Marvel Guerra Civil;49,90;33,21;1;33,21
 Flores Para Algernon;44,51;44,51;1;44,51
 Cemitérios de Dragões;34,50;16,30;1;16,30
 Nem vem - Ficções;59,90;42,90;2;21,45
 O Encantador de Livros;31,90;28,48;1;28,48
 Crônicas de Morrighan;49,90;29,90;1;29,90
 Animais fantásticos e onde habitam;31,66;31,66;1;31,66
 Cem gramas de centeio;34,90;22,50;1;22,50
 O duque que eu conquistei (Segredos da Charlotte Street – Livro 1);25,03;22,53;1;22,53
 Fantoches e Contos: Cachinhos Dourados;69,90;59,76;2;33,20
 Zootopia;65,00;35,91;1;35,91
 A nuvem;47,90;30,50;2;15,25
 A garota desaparecida;34,87;34,87;1;34,87
 A Era da Escuridão (Pré-venda com brinde);69,90;34,90;2;17,45
 A noite das bruxas;44,90;27,80;1;27,80
 Carros;54,00;24,90;1;24,90
 Escola mágica;14,90;6,70;1;6,70
 Box House of Night - Slim;82,90;74,61;2;41,45
 OS AMADORES;54,90;29,00;1;29,00
 Eu que nunca conheci os homens;59,90;39,63;1;39,63
 O gigante enterrado;62,90;44,64;1;44,64
 Vilão (Vol. 1);54,90;35,10;2;17,55
 O pequeno príncipe;59,90;39,90;2;19,95
 Frozen;54,00;23,90;1;23,90
 O Meu Pé de Laranja Lima;45,00;25,90;1;25,90
 Box Alice No País Das Maravilhas E Alice Através Do Espelho + Alice Para Colorir;79,90;31,41;1;31,41
 A Longa Viagem a um Pequeno Planeta Hostil;54,90;40,90;2;20,45
 Conjurador: O aprendiz (Vol. 1);54,90;33,10;2;16,55
 Um estudo em vermelho: edição bolso de luxo;39,90;27,90;1;27,90
 Celebridade Mortal;59,90;59,90;1;59,90
 Filhos do Éden: Anjos da morte (Vol. 2);64,90;29,90;1;29,90
 O mistério dos três pedaços;44,90;30,90;2;15,45
 O retrato de Dorian Gray;28,90;21,68;1;21,68
 Artemis;44,90;35,90;1;35,90
 Um trono negro (Três coroas negras - Livro 2);44,90;22,90;1;22,90
 Em busca de um novo amanhã;54,90;38,90;1;38,90
 O guia do mochileiro das galáxias - Edição Ilustrada;49,90;36,90;2;18,45
 Carros 3;69,00;25,90;1;25,90
 Anne de Green Gables;39,90;26,40;1;26,40
 Uma conjuração de luz (Vol. 3 Tons de Magia);79,90;52,90;3;17,63
 Cidade do fogo celestial (Vol.6 Os Instrumentos Mortais);54,90;26,90;1;26,90
 O Homem do Castelo Alto;37,17;37,17;1;37,17
 Frozen;54,00;24,90;1;24,90
 The X-Files: Origens - Agente do caos;34,90;17,40;1;17,40
 A bússola de ouro;37,03;37,03;1;37,03
 O Reizinho do Castelo Perdido;49,00;29,90;1;29,90
 Um anjo de mochila azul;29,90;26,91;1;26,91
 Dois reinos sombrios (Três coroas negras - Livro 3);44,90;35,90;1;35,90
 A garota do calendário: Dezembro;34,90;15,90;1;15,90
 Cidade dos anjos caídos (Vol.4 Os Instrumentos Mortais);54,90;29,90;1;29,90
 O diário perdido de Gravity falls;49,99;44,99;1;44,99
 Sempre em frente;41,93;37,74;1;37,74
 A Pergunta e a Resposta;69,90;39,90;2;19,95
 Uma mulher no escuro — vencedor Jabuti 2020;37,03;37,03;1;37,03
 Noivas em fuga;31,66;28,49;1;28,49
 O Casamento;49,90;24,90;1;24,90
 A Mão Esquerda Da Escuridão;47,31;47,31;1;47,31
 O mundo das vozes silenciadas;29,50;15,70;1;15,70
 Box - As novas aventuras de Sherlock Holmes;179,90;64,90;4;16,23
 Histórias Para Crianças...2 anos;29,90;26,91;1;26,91
 Dom Quixote;63,90;63,90;1;63,90
 Viagem ao centro da Terra;14,90;14,90;1;14,90
 Vista chinesa;42,17;37,95;1;37,95
 Box Duna: segunda trilogia;259,90;233,91;4;58,48
 Arsène Lupin e a mulher de dois sorrisos;12,14;10,93;1;10,93
 Sweet (Vol. 3 Contornos do coração);39,90;29,96;1;29,96
 Frozen;99,00;20,90;1;20,90
 Circo Mecânico Tresaulti - Limited Edition;54,90;37,90;2;18,95
 Sadie;49,90;35,03;1;35,03
 Terra de histórias : A colisão dos mundos;37,79;34,01;1;34,01
 Eu, cupido;29,90;29,90;1;29,90
 Livro das mil e uma noites - Volume 5;79,90;57,53;2;31,96
" Dipper e Mabel em ""A maldição do tesouro dos piratas do tempo""";58,90;58,90;1;58,90
 Cidade das Almas Perdidas & Cidade do Fogo Celestial (edição de colecionador – 2 em 1);149,90;99,66;6;17,48
 Lordes e damas;54,90;23,00;1;23,00
 O sumiço da lua;46,40;41,76;1;41,76
 Animais fantásticos e onde habitam;149,90;82,90;5;16,58
 Os noivos do inverno;34,59;34,59;1;34,59
 O mundo perdido;69,90;39,90;1;39,90
 A senhora verdade e a dona história;52,40;52,40;1;52,40
 Sombras eternas (Vol. 2 Companhia Negra);59,90;9,40;1;9,40
 A fada mamãe e eu: Fada-na-fila-de-espera (Vol. 2);34,59;34,59;1;34,59
 Filhos de Duna;89,90;50,90;1;50,90
 Deep;16,90;15,21;1;15,21
 O jogo de Ripper;59,90;42,90;2;21,45
 A lenda do violeiro invejoso;44,90;30,90;2;15,45
 Alice viaja nas histórias;49,50;49,50;1;49,50
 O menino, o bilhete e o vento;45,00;35,91;1;35,91
 OBSIDIANA;24,90;22,41;1;22,41
 Arsène Lupin contra Herlock Sholmes;41,40;37,26;1;37,26
 As cores de Corina;44,90;44,90;1;44,90
 O Bom Dinossauro;115,00;59,90;3;19,97
 O enigma de Blackthorn;52,00;33,85;1;33,85
 Sexta-feira o rabino acordou tarde;54,90;43,90;1;43,90
 Canção de Susannah;64,90;39,00;2;19,50
 O Mundo de Lore: Criaturas Estranhas;48,97;48,97;1;48,97
 Arsène Lupin e a rolha de cristal;12,14;10,93;1;10,93
 Uma fada veio me visitar;25,00;12,50;1;12,50
 Não abra este livro...Sério;29,90;26,91;1;26,91
 Atraído;52,90;49,20;1;49,20
 Garotas de neve e vidro;54,90;38,54;1;38,54
 colecao ii;49,90;33,24;1;33,24
 Bruxas Literárias: Alquimia das Palavras;59,90;50,14;1;50,14
 Realidades adaptadas;38,67;34,80;1;34,80
 Um negocio mortal;40,00;17,25;1;17,25
 Filho dourado;59,90;59,90;1;59,90
 Cidade de vidro (Vol.3 Os Instrumentos Mortais);54,90;29,80;1;29,80
 Arsène Lupin e o estilhaço de obus;14,90;13,41;1;13,41
 Aventuras Estranhas;39,90;39,90;1;39,90
 O dominador (Vol. 2);44,90;28,90;1;28,90
 Box House of Night - Slim;107,91;97,12;2;53,96
 A rebelde do deserto;42,90;30,42;1;30,42
 O assassinato de Verônica Dantas;35,00;24,90;1;24,90
 A torre da andorinha - The Witcher - A saga do bruxo Geralt de Rívia (Capa game);37,91;37,91;1;37,91
 Princesa mecânica (Vol. 3 As Peças Infernais);59,90;27,40;1;27,40
 Era uma Vez a Vaca Vitória, Que Caiu no Buraco e Acabou a História;35,47;31,92;1;31,92
 Saga três luas - Livro 1: Lua azul;44,90;31,40;1;31,40
 O Pequeno Príncipe;25,14;25,14;1;25,14
 O vale do terror;20,90;20,90;1;20,90
 Arsène Lupin, o ladrão de casaca;11,87;10,68;1;10,68
 O pequeno príncipe;39,90;21,90;1;21,90
 A Escola do bem e do mal Vol. 5: O cristal do tempo;42,90;42,90;1;42,90
 Procure nas cinzas;59,90;47,90;1;47,90
 O caçador de pipas;49,90;35,93;1;35,93
 Faca;64,90;44,90;2;22,45
 O mistério do Rocinante;60,80;60,80;1;60,80
 Tiros, bombas e reflexões: A estranha vocação policial;41,90;37,71;1;37,71
 Terrível encanto - Volume 1;29,50;16,90;1;16,90
 O último dos magos;59,90;39,90;2;19,95
 A queda dos reinos;47,90;35,90;2;17,95
 Circo Mecânico Tresalti - Classic Edition;49,90;39,90;2;19,95
 Mistborn Primeira Era - O poço da ascensão (vol. 2);54,90;39,90;2;19,95
 O Médico e o Monstro;19,53;17,58;1;17,58
 Os olhos da escuridão;44,90;27,90;1;27,90
 Um céu além da tempestade (Vol. 4 Uma chama entre as cinzas);41,42;37,28;1;37,28
 As crônicas de Nárnia - Príncipe Caspian;21,90;19,71;1;19,71
 A punição de Bourne;59,00;25,90;1;25,90
 Alerta negro;69,90;55,92;1;55,92
 A espada do destino - The Witcher - A saga do bruxo Geralt de Rívia (capa dura);64,90;45,90;3;15,30
 Novembro de 63;99,90;79,90;2;39,95
 Mar de Tinta e Ouro: A Oradora;41,90;41,90;1;41,90
 O silêncio da chuva;41,93;41,93;1;41,93
 O Livro Branco perdido (Edição de colecionador - Vol. 2 As Maldições Ancestrais);59,90;40,45;2;20,23
 Solomon Kane;54,90;29,90;1;29,90
 O sangue dos elfos - The Witcher - A saga do bruxo Geralt de Rívia;49,90;28,90;1;28,90
 Fallen (Capa do filme);39,90;23,90;1;23,90
 Dungeons & Dragons;49,90;44,91;1;44,91
 Selada com sangue;39,90;39,90;1;39,90
 A Guerra da Rainha Vermelha - Vol. 1: Prince of Fools;64,90;49,90;3;16,63
 Enquanto bela dormia;44,90;38,39;1;38,39
" Dipper e Mabel em ""A maldição do tesouro dos piratas do tempo""";39,90;35,91;1;35,91
 A prisão do rei;44,90;31,86;1;31,86
 Não Abra Este Livro... Novamente;39,90;27,90;1;27,90
 A fera dos mares;44,12;44,12;1;44,12
 Jogador Número Um;69,90;40,41;1;40,41
 Eragon;49,90;35,46;1;35,46
 A estrela do diabo;59,90;55,71;1;55,71
 Princesas - Hora do Banho;29,90;29,90;1;29,90
 Histórias de horror e mistério;49,90;34,90;1;34,90
 Um corpo na biblioteca;44,90;31,90;2;15,95
 A fada mamãe e eu (Vol.1);44,90;26,20;1;26,20
 Fallen (Vol. 1);37,91;37,91;1;37,91
 Um anjo de mochila azul;28,25;25,43;1;25,43
 Eterna união;55,90;55,90;1;55,90
 Recursão;69,90;34,80;2;17,40
 Este livro está te chamando (não ouve?);48,00;34,11;1;34,11
 O Bruxo - The Witcher (capa dura);99,90;62,90;2;31,45
 Assassin’s Creed: Heresia;54,90;25,90;1;25,90
 Os desejos da Bela Adormecida;29,50;20,90;1;20,90
 Cavalo de troia 5 - Cesareia 2º edição;44,90;40,41;1;40,41
 A mulher na cabine 10;34,70;34,70;1;34,70
 A máquina fantabulástica;58,70;53,45;1;53,45
 A queda dos anjos (Vol. 1 Fim dos dias);59,90;31,90;2;15,95
 Arsène Lupin e os enigmas;12,14;10,93;1;10,93
 O sangue dos elfos - The Witcher - A saga do bruxo Geralt de Rívia (capa dura);64,90;45,40;3;15,13
 Mistborn Segunda Era - As sombras de si mesmo;54,90;29,90;1;29,90
 Filhos do Éden: Universo Expandido;99,90;64,90;4;16,23
 O Poço e o Pêndulo;19,55;17,60;1;17,60
 Histórias Para Crianças...1 ano;29,50;27,44;1;27,44
 As portas da percepção;49,90;35,03;1;35,03
 Guerra Mundial Z;36,00;17,90;1;17,90
 O triturador;41,42;41,42;1;41,42
 O espadachim de carvão  e as pontes de Puzur;16,90;15,21;1;15,21
 A Menina Que Odiava Livros;29,83;29,83;1;29,83
 O reino de Zália;30,25;30,25;1;30,25
 O olho de Lilith;26,47;26,47;1;26,47
 EntreMundos;29,50;29,50;1;29,50
 Fundação e Terra;64,90;45,56;1;45,56
 Box Trilogia da Fundação;169,90;152,91;4;38,23
 Gravity Falls: Feliz Summerween! / A loja de conveniência... do horror!;39,90;35,91;1;35,91
 Os Incríveis 2 – De Volta à Ação;115,00;53,91;1;53,91
 Sangue Revolto;66,25;59,63;2;33,13
 Território Lovecraft (Lovecraft Country);64,90;29,40;1;29,40
 Magisterium: A máscara de prata (Vol. 4);54,90;25,90;1;25,90
 Inocência Mortal (Vol. 24);44,93;44,93;1;44,93
 Parem a Ivy Pocket;49,90;23,90;1;23,90
 Anjos partidos (Vol. 2 Carbono alterado);59,90;34,90;2;17,45
 A senhora do lago - The Witcher - A saga do bruxo Geralt de Rívia (ca;84,90;56,50;3;18,83
 1935;45,00;29,77;1;29,77
 A memória do mar;39,90;35,91;1;35,91
 Cidade das almas perdidas (Vol.5 Os Instrumentos Mortais);54,90;34,90;2;17,45
 O treinamento (Vol. 3);44,90;23,90;1;23,90
 A garota do calendário: Janeiro;34,90;22,90;1;22,90
 Crônica do Pássaro de Corda;74,90;44,90;2;22,45
 O lado escuro da madrugada;34,90;18,85;1;18,85
 Histórias de ficção científica;16,90;15,21;1;15,21
 A rainha vermelha;42,90;40,76;1;40,76
 Resident Evil: O capítulo final;40,00;23,90;1;23,90
 Depois do funeral;39,90;27,99;1;27,99
 O silêncio da chuva;59,90;47,92;1;47,92
 O Serviço de Entregas Monstruosas;49,90;38,60;2;19,30
 A submissa (Vol. 1);44,90;28,90;1;28,90
 O Pequeno Príncipe;8,90;8,01;1;8,01
 Rainha;29,90;26,91;1;26,91
 Tempo de Tempestade - The Witcher - A Saga do Bruxo Geralt de Rivia - Prelúdio;49,90;34,90;2;17,45
 Monalisa Overdrive;54,90;29,90;1;29,90
 O lorde que eu abandonei (Segredos da Charlotte Street – Livro 3);39,90;27,10;1;27,10
 Punição para a inocência;44,90;28,90;1;28,90
 Quadribol através dos séculos;44,90;23,90;1;23,90
 Um anjo de mochila azul;42,00;29,48;1;29,48
 O coração da esfinge (Deuses do Egito – Livro 2);54,90;15,90;1;15,90
 O sono eterno;33,54;33,54;1;33,54
 O chamado do cuco;27,90;27,90;1;27,90
 Êxtase (Vol. 4 Fallen);54,90;32,90;2;16,45
 Auguste Dupin;39,90;28,37;1;28,37
 Lua branca;39,90;23,90;1;23,90
 Cidade das cinzas (Vol.2 Os Instrumentos Mortais);54,90;34,90;2;17,45
 Hoje é dia de marias;27,90;27,90;1;27,90
 O dilema;20,00;18,60;1;18,60
 D`Votion 2;44,90;44,90;1;44,90
 Noite sem fim;44,90;29,60;1;29,60
 V.03 - Circulos De Chuva - Leya;29,90;27,81;1;27,81
 As águas-vivas não sabem de si;39,90;34,12;1;34,12
 O MENINO NA PONTE;69,90;35,90;2;17,95
 Confusões & calafrios;59,00;59,00;1;59,00
 Princesinha Sofia;69,00;43,90;2;21,95
 O habitante da escuridão e outros contos;22,90;22,90;1;22,90
 A descoberta das bruxas;47,29;47,29;1;47,29
 Crime e castigo;99,90;64,90;2;32,45
 2001: Uma Odisseia no Espaço;32,90;32,90;1;32,90
 COMO SURGIU O NATAL?;74,90;46,90;3;15,63
 Frozen;69,00;41,90;2;20,95
 Os pescadores;49,90;29,90;1;29,90
 Tudo é eventual;44,21;44,21;1;44,21
 Your name;34,35;34,35;1;34,35
 A caçadora de dragões;47,90;35,92;2;17,96
 Coleção Agatha Christie - Box 3;89,90;83,61;2;44,95
 Star Wars: Ahsoka;54,90;38,54;1;38,54
 As crônicas de Nárnia - volume único;40,00;40,00;1;40,00
 Corvos de Odin;29,50;13,90;1;13,90
 Cada Um Na Sua Casa;69,00;41,90;1;41,90
 Trolls 2 - Estilos Musicais;78,78;78,78;1;78,78
 Um lugar perigoso;54,90;37,90;2;18,95
 Os crimes do monograma;18,89;18,89;1;18,89
 Memórias de Sherlock Holmes;13,90;12,51;1;12,51
 Os pergaminhos vermelhos da magia (Vol. 1 As maldições ancestrais) - Edição de colecionador;37,91;34,12;1;34,12
 A revolta das águas;48,88;48,88;1;48,88
Detalhe menor;54,90;39,03;1;39,03
Kit Livros Box Harry Potter + Livro;429,80;209,67;12;18,39
 Os Cavaleiros dos Dinossauros;59,90;51,21;1;51,21
 A Senhora do lago - The Witcher - A saga do bruxo Geralt de Rívia (Capa clássica);74,90;46,90;1;46,90
 Mistborn Segunda Era: Os braceletes da perdição - Volume 3;59,90;39,06;1;39,06
 As crônicas de Nárnia - O cavalo e seu menino;25,90;22,02;1;22,02
 Batismo de fogo - The Witcher - A saga do bruxo Geralt de Rívia (Capa game);37,91;37,91;1;37,91
 Minnie;99,00;35,90;2;17,95
 Arsène Lupin e Victor, da Brigada Anticrime;19,90;13,90;1;13,90
 A realidade dos sete;27,90;27,90;1;27,90
 Os bilhões de Arsène Lupin;10,82;9,74;1;9,74
 As margens da ficção;41,98;37,78;1;37,78
 Berenice procura;54,90;43,92;1;43,92
 Um passo atrás;62,90;44,64;1;44,64
 Assassinato no campo de golfe;49,90;35,60;2;17,80
 Eu sou Eric Zimmerman;54,90;34,90;2;17,45
 A verdade oculta;34,90;25,13;1;25,13
 Gravity falls: um verão de mistérios;44,90;40,41;1;40,41
 Tudo por nós dois (Vol. 3 Trilogia Bad Boys);54,90;39,53;1;39,53
 Unicórnios: meu livrinho de adesivos;39,90;28,01;1;28,01
 A carruagem da morte;31,90;31,90;1;31,90
 Sherlock e os aventureiros : O mistério dos planos roubados;22,53;22,53;1;22,53
 SEREIAS: VESTINDO MINHAS AMIGAS (NOVA EDIÇÃO);49,90;35,93;1;35,93
 Sherlock e os aventureiros : O mistério dos planos roubados;22,53;22,53;1;22,53
 O nome da rosa (edição de bolso);49,90;30,90;2;15,45
 O redentor;59,90;51,22;1;51,22
 Morte no Nilo HQ;34,94;31,45;1;31,45
 365 Histórias aconchegantes;21,00;19,53;1;19,53
 Palavra mortal, A;49,90;35,03;1;35,03
 Clássicos Inesquecíveis;42,52;42,52;1;42,52
 Encantados;32,37;32,37;1;32,37
 Assassin’s Creed: Valhalla;62,90;41,10;2;20,55
 O livro das palavras;54,10;54,10;1;54,10
 Anjo mecânico (Vol. 1 As Peças Infernais);59,90;34,90;2;17,45
 O Último Segredo;29,90;5,38;1;5,38
 Cinco semanas em um balão;12,31;11,08;1;11,08
 Espada de vidro;42,90;38,61;1;38,61
 Chronos: Fragmentos do Tempo;64,90;49,90;3;16,63
 Ecos;59,90;59,90;1;59,90
 Box O castelo animado;139,90;119,62;4;33,23
 A garota do calendário: Setembro;27,46;27,46;1;27,46
 Mickey Aventura Sobre Rodas - Hora do banho;31,90;31,90;1;31,90
 A garota do calendário: Outubro;34,90;15,90;1;15,90
 Dezessete luas (Vol. 2);36,90;31,37;1;31,37
 Sangue Revolto (CAPA DURA);107,26;96,53;3;35,75
 LEGO STAR WARS: AVENTURAS ESPACIAIS;44,90;31,90;1;31,90
 Estranheza mortal (Vol. 26);59,90;34,90;2;17,45
 Cruella;54,90;34,90;1;34,90
 Vocação para o mal;39,50;27,90;1;27,90
 A tormenta de espadas;94,90;75,90;5;15,18
 Aru Shah e o Fim dos Tempos;49,90;32,90;2;16,45
 Conquistada até terça (Vol. 5 Noivas da Semana);44,90;21,00;1;21,00
 A floresta sombria;67,90;46,90;3;15,63
 O mistério do carneiro de ouro;49,90;35,03;1;35,03
 Meu diário (secreto) de anotações do Gravity Falls;39,99;39,99;1;39,99
 Delírio;36,80;33,12;1;33,12
 O menino e o grifo;44,00;31,28;1;31,28
 Rainha de copas;39,90;34,12;1;34,12
 Tiger Lily;31,49;31,49;1;31,49
 Stepsister: A história da meia irmã da cinderela;24,90;22,41;1;22,41
 Tormenta (Vol. 2 Fallen);54,90;39,90;2;19,95
 O livro mágico de feitiços: Star X Forças do mal;60,02;60,02;1;60,02
 Garotos de lugar nenhum;39,50;17,90;1;17,90
 Alice no país das maravilhas;22,88;10,30;1;10,30
 O Menino Marrom;34,31;34,31;1;34,31
 O morcego;59,90;37,90;2;18,95
 A libertação da Bela;29,50;20,90;1;20,90
 O detetive das sombras;39,00;39,00;1;39,00
 Box Arsène Lupin - Artimanhas;79,90;51,90;1;51,90
 A Rosa Branca (Vol. 3 Companhia Negra);59,90;9,90;1;9,90
 As crônicas de Bane;69,90;49,90;3;16,63
 Porém bruxa;44,90;44,90;1;44,90
 Dezoito luas (Vol. 3);44,93;44,93;1;44,93
 As serpentes de Thor;39,90;18,90;1;18,90
 Cidade da Lua Crescente: Casa de terra e sangue (Vol. 1);69,90;59,77;2;33,21
 As crônicas de Nárnia - A viagem do peregrino da alvorada;21,90;19,71;1;19,71
 Chronos: Limites do Tempo;64,90;44,90;2;22,45
 Adesivos Fofinhos – Mickey Aventuras Sobre Rodas;47,00;19,50;1;19,50
 Bernardo e o segredo da princesa de cristal;41,00;29,15;1;29,15
 Fortaleza digital;49,90;44,91;1;44,91
 Mundo em Caos;59,90;39,90;2;19,95
 Voto de sangue;29,90;26,91;1;26,91
 A Inquisição (Vol. 2 Conjurador);54,90;30,90;2;15,45
 Cachinhos Dourados;45,00;26,90;1;26,90
 Crenças e Criaturas;49,90;34,90;1;34,90
 Cidades de dragões;34,50;19,90;1;19,90
 O sangue dos elfos - The Witcher - A saga do bruxo Geralt de Rívia (Capa game);49,90;34,90;2;17,45
 A reforma da natureza;54,90;39,90;2;19,95
 Apenas por uma noite;24,90;17,90;1;17,90
 A garota do calendário: Agosto;34,90;15,90;1;15,90
 A garota do calendário: Novembro;29,90;18,68;1;18,68
 Cinza, carvão, fumaça e quatro pedras de gelo;49,90;28,90;1;28,90
 Espada de vidro;39,90;30,51;1;30,51
 Poeira Lunar;32,90;32,90;1;32,90
 ficçao, historia, mito - Mackenzie;48,00;48,00;1;48,00
 A dama da internet;40,92;40,92;1;40,92
 Linha cruzada;83,90;83,90;1;83,90
 Novo conceito;39,89;35,90;1;35,90
 Placebo;39,90;35,91;1;35,91
 Cordeluna;62,00;62,00;1;62,00
 The Killing II;89,90;89,90;1;89,90
 As crônicas de Nárnia - volume único;99,90;69,00;2;34,50
 Os guardiões da ordem;42,48;39,51;1;39,51
 Fantasia mortal;41,90;41,90;1;41,90
 Mitólogia Nórdica;20,00;20,00;1;20,00
 Mão de Ferro;59,90;23,90;1;23,90
 Levana;34,50;15,90;1;15,90
 Voltar para Mim;69,90;45,90;1;45,90
Livro Kit As Aventuras de Arsène Lupin  Maurice Leblanc;114,90;106,86;3;38,30
 O fecho;41,08;41,08;1;41,08
 aspectos da ficcao brasileira contemporanea - Mercado de letras;59,00;59,00;1;59,00
 A garota do calendário: Junho;34,90;18,90;1;18,90
 Star Wars - Darth Bane: Dinastia do mal;28,00;26,04;1;26,04
 Six of crows;46,70;42,03;1;42,03
 Star Wars : Tarkin;49,90;28,75;1;28,75
 O Senhor dos Anéis: O retorno do rei;69,90;39,90;1;39,90
 O desaparecido;49,90;44,91;1;44,91
 A máquina do tempo;16,90;16,90;1;16,90
 Assassinos sem rosto;59,90;51,22;1;51,22
 Desejada - Pocket;29,90;25,57;1;25,57
 O retorno de Arsène Lupin;11,26;10,13;1;10,13
 Viagem ao centro da Terra;14,90;9,93;1;9,93
 O Hobbit + Pôster;39,00;35,10;1;35,10
 A Lagoa Encantada;47,00;31,90;2;15,95
 A mais Bela de todas: A história da rainha má;34,90;31,41;1;31,41
 O nascimento;12,49;11,24;1;11,24
 Bluebird, Bluebird: Amor, justiça e tensão racial no coração do Texas;49,80;34,27;1;34,27
 SCARLET-CRÔNICAS LUNARES LIVRO 2 - SELO NOVO;49,77;44,79;1;44,79
 Dungeons & Dragons;39,90;35,91;1;35,91
 A transparência do tempo;40,94;40,94;1;40,94
 Arsène Lupin;44,90;44,90;1;44,90
Nightflyers;47,90;39,88;1;39,88
Rute;43,90;39,51;1;39,51
 Guerreiros do Universo Paralelo;50,00;37,37;1;37,37
 Coleção Mundo Nerd;159,90;121,76;3;43,64
 ATLAS GALACTICO STAR WARS;129,90;116,91;3;43,30
 Peculiar Editora;34,90;31,41;1;31,41
 OBSIDIANA;39,90;35,91;1;35,91
 Enquanto bela dormia;19,90;14,33;1;14,33
 A Máquina Peluda;42,00;35,15;1;35,15
 Trilogia The Game, Vol. 1: O Jogo;48,97;48,97;1;48,97
 O Olho Vesgo;28,00;18,52;1;18,52
 O Menino da Terra;34,31;34,31;1;34,31
 Sonhos Elétricos;54,90;38,90;1;38,90
 O Legado da Ruína volume 2;50,00;29,90;1;29,90
 Bartleby, o Escrevente;20,23;18,21;1;18,21
 As idades de Lulu;34,35;34,35;1;34,35
 Delinquente argentino;37,47;37,47;1;37,47
 Imaculada (Vol. 2 A Legião);37,91;37,91;1;37,91
 A Máquina do Tempo;25,13;22,62;1;22,62
 Doadores de sono;29,90;26,91;1;26,91
 Casa de Pensão;48,80;34,70;1;34,70
 A Fazenda Blackwood;34,42;34,42;1;34,42
 Dartana;40,81;40,81;1;40,81
 The african mask- Beginner;58,00;38,63;1;38,63
 Box Série Completa Detetive Erika Foster - Robert Bryndza;162,15;145,94;2;81,08
 A Fábrica de robôs [Bolso];49,00;49,00;1;49,00
 Um vento à porta;22,08;22,08;1;22,08
 O fantasma da mãe;44,90;35,90;1;35,90
 A festa secreta da princesa;20,11;20,11;1;20,11
 Hora zero;29,90;17,90;1;17,90
 Vingança (Vol. 6);44,93;44,93;1;44,93
 Aventura em Bagdá;21,44;21,44;1;21,44
 As aventuras de Sherlock Holmes;28,90;21,68;1;21,68
 Herdeiro de Asgard;23,63;23,63;1;23,63
 O beijo da meia noite;19,90;17,91;1;17,91
 Mistério no Caribe;39,90;27,99;1;27,99
 O caso do hotel Bertram;31,56;31,56;1;31,56
 Uma dose mortal;25,90;24,09;1;24,09
 Amor no ninho;39,39;27,90;1;27,90
 Os Testamentos;54,90;40,41;1;40,41
 Beren e Lúthien;59,90;38,90;2;19,45
 4 Volumes;83,20;67,50;2;37,50
 A fablehaven. Ascensão da estrela vespertina;29,90;25,42;1;25,42
 Ritos de passagem;49,90;46,41;1;46,41
 Tumba dos Antigos;54,90;39,03;1;39,03
 a ficcao de uberto eco;45,00;32,11;1;32,11
 Confissões;29,90;25,57;1;25,57
 Juntos para sempre;34,90;31,41;1;31,41
 A profecia do Paraíso;48,90;34,33;1;34,33
Sinuca de malandro: ficcao e autobiografia em joao;36,16;36,16;1;36,16
 UNICÓRNIOS: LIVRO COM QUEBRA-CABEÇA;69,90;50,33;1;50,33
 Bruto e apaixonado;25,18;25,18;1;25,18
 O Namorado da Fada ou O Menino de Urano;57,00;31,90;2;15,95
 O anjo e a vampira;18,99;17,66;1;17,66
 Arsène Lupin contra Herlock Sholmes;11,87;10,68;1;10,68
 A ilha do Dr. Moreau;14,83;13,35;1;13,35
 Os Inconfidentes;11,90;10,71;1;10,71
 A mais Bela de todas: A história da rainha má;34,90;29,84;1;29,84
 Chronos: Viajantes do Tempo;54,90;43,92;1;43,92
 Histórias fantásticas e de medo;36,90;33,21;1;33,21
 Cidade dos ossos e Cidade das cinzas (Edição de colecionador – 2 em 1);109,90;93,97;3;34,80
 O homem cobra;27,90;27,90;1;27,90
 A mais Bela de todas: A história da rainha má;34,90;31,41;1;31,41
 Faca na Garganta;9,90;8,91;1;8,91
 A ilha;27,00;12,90;1;12,90
 A volta de Sherlock Holmes;49,90;34,90;1;34,90
 coleção ii;49,90;32,90;1;32,90
 Inferno (Ilustrado);69,90;69,90;1;69,90
 Inimigos públicos;41,08;41,08;1;41,08
 Quadribol através dos séculos;44,90;40,41;1;40,41
 Os demônios de Deus;34,70;34,70;1;34,70
